PersonKey,Name,Error
15926293,Ziyad Almesalim,HTTP Error 403: Forbidden
16060252,Ziyad Altuwaireb,HTTP Error 403: Forbidden
2600154,Ziyad Alqabbani,HTTP Error 403: Forbidden
16055323,Ziad Majrashi,HTTP Error 403: Forbidden
15923320,Zaid Alsarraj,HTTP Error 403: Forbidden
9601968,Zahraa Alabbad,HTTP Error 403: Forbidden
8853958,Yusra Abuljadayel,HTTP Error 403: Forbidden
5834970,Yara Hakmi,HTTP Error 403: Forbidden
16369349,Tolin Alsaraj,HTTP Error 403: Forbidden
2917305,Thamer Mohammed,HTTP Error 403: Forbidden
16065279,Tareg Hamedi,HTTP Error 403: Forbidden
2655258,Sultan Alotaibi,HTTP Error 403: Forbidden
9540103,Sofanah Alahmadi,HTTP Error 403: Forbidden
1668085,Shahrazad Lukanic,HTTP Error 403: Forbidden
1669165,Shaden Almarshud,HTTP Error 403: Forbidden
5155203,Saud Alsaud,HTTP Error 403: Forbidden
2723490,Sattam Alshahrani,HTTP Error 403: Forbidden
16038367,Sarah Alhilal,HTTP Error 403: Forbidden
9594863,Sarah Alablan,HTTP Error 403: Forbidden
2714764,Sara Salhab,HTTP Error 403: Forbidden
3046238,Sara Aljanabi,HTTP Error 403: Forbidden
9591100,Sami Bakheet,HTTP Error 403: Forbidden
4266799,Samaher Kurdi,HTTP Error 403: Forbidden
5633823,Salman Alajmi,HTTP Error 403: Forbidden
9600413,Salem Alsuwailem,HTTP Error 403: Forbidden
3744817,Saleh Alashur,HTTP Error 403: Forbidden
9892839,Sajjad Alfardan,HTTP Error 403: Forbidden
13078281,Sahal Baz,HTTP Error 403: Forbidden
16466584,Safar Aldosari,HTTP Error 403: Forbidden
2834818,Saeid Almutairi,HTTP Error 403: Forbidden
13142167,Saad Alsuaiei,HTTP Error 403: Forbidden
2691492,Saad Alajmi,HTTP Error 403: Forbidden
2920331,Saad Al Subaiei,HTTP Error 403: Forbidden
5214577,Saad Aldawsari,HTTP Error 403: Forbidden
9622735,Saad Alsaif,HTTP Error 403: Forbidden
9624899,Riad Hamdi,HTTP Error 403: Forbidden
3540791,Reem Almaiman,HTTP Error 403: Forbidden
16438630,Reda Almatroud,HTTP Error 403: Forbidden
1655452,Rashed Alsubaie,HTTP Error 403: Forbidden
5842032,Rand Alnuwaiser,HTTP Error 403: Forbidden
7518118,Rahmah Alkhawahr,HTTP Error 403: Forbidden
2430900,Raghad Kaabi,HTTP Error 403: Forbidden
16435101,Osama Albargawi,HTTP Error 403: Forbidden
2772389,Omar Alakkas,HTTP Error 403: Forbidden
16368384,Noura Alnowaiser,HTTP Error 403: Forbidden
16370406,Noura Alkhayyal,HTTP Error 403: Forbidden
5139608,Nora Alsuqayran,HTTP Error 403: Forbidden
16489367,Nebras Alsuqayran,HTTP Error 403: Forbidden
16393464,Nawaf Alshammari,HTTP Error 403: Forbidden
9620421,Nawaf Altamimi,HTTP Error 403: Forbidden
16455125,Nassir Abo Jalas,HTTP Error 403: Forbidden
16487295,Nasser Alharthi,HTTP Error 403: Forbidden
2572152,Nasser Mohammed,HTTP Error 403: Forbidden
5140635,Najd Albadai,HTTP Error 403: Forbidden
16537569,Naif Almutairi,HTTP Error 403: Forbidden
2806619,Naif Alsahli,HTTP Error 403: Forbidden
5099969,Nada Abed,HTTP Error 403: Forbidden
5234226,Musab Kadi,HTTP Error 403: Forbidden
9588264,Musaad Alsubaie,HTTP Error 403: Forbidden
16022058,Muhsin Aldabboos,HTTP Error 403: Forbidden
2605747,Muhannad Majrashi,HTTP Error 403: Forbidden
5114006,Muhammad Abdurrahkman,HTTP Error 403: Forbidden
6007745,Mostafa Alhassan,HTTP Error 403: Forbidden
15928594,Mohammed Alotaibi,HTTP Error 403: Forbidden
16031733,Mohammed Tolu,HTTP Error 403: Forbidden
16377520,Mohammed Alkhater,HTTP Error 403: Forbidden
16380883,Mohammed Alhawsawi,HTTP Error 403: Forbidden
16400230,Mohammed Aljuzayri,HTTP Error 403: Forbidden
16437855,Mohammed Raghib,HTTP Error 403: Forbidden
16479917,Mohammed Khafaji,HTTP Error 403: Forbidden
16547097,Mohammed Alsahli,HTTP Error 403: Forbidden
16550255,Mohammed Alshriedh,HTTP Error 403: Forbidden
16551819,Mohammed Alkhater,HTTP Error 403: Forbidden
16597317,Mohammed Alamri,HTTP Error 403: Forbidden
2573823,Mohammed Almuawi,HTTP Error 403: Forbidden
2596491,Mohammed Baabad,HTTP Error 403: Forbidden
2658617,Mohammed Alzaki,HTTP Error 403: Forbidden
2781232,Mohammed Alhajji,HTTP Error 403: Forbidden
2789666,Mohammed Almarwani,HTTP Error 403: Forbidden
2899025,Mohammed Alsaud,HTTP Error 403: Forbidden
2940499,Mohammed Alhawsawi,HTTP Error 403: Forbidden
2940499,Mohammed Alhawsawi,HTTP Error 403: Forbidden
3144136,Mohammed Alabas,HTTP Error 403: Forbidden
5120482,Mohammed Alsuwailem,HTTP Error 403: Forbidden
5144013,Mohammed Kadi,HTTP Error 403: Forbidden
9586246,Mohammed Abdullah,HTTP Error 403: Forbidden
9590655,Mohammed Aldubaisi,HTTP Error 403: Forbidden
9595889,Mohammed Alqudaihi,HTTP Error 403: Forbidden
9625214,Mohammed Almadawi,HTTP Error 403: Forbidden
2722992,Mohammad Alsulaiman,HTTP Error 403: Forbidden
5115687,Mohammad Saleh,HTTP Error 403: Forbidden
3879650,Mohamed Binzagr,HTTP Error 403: Forbidden
16478502,Moayad Alsharif,HTTP Error 403: Forbidden
16481758,Mesfer Alammari,HTTP Error 403: Forbidden
2790676,Mathna Almarwani,HTTP Error 403: Forbidden
2775894,Marzouq Almuwallad,HTTP Error 403: Forbidden
9552773,Mariam Almatar,HTTP Error 403: Forbidden
2421152,Mansour Alwi,HTTP Error 403: Forbidden
2686675,Mansour Alsaud,HTTP Error 403: Forbidden
16462684,Manaf Al Salem,HTTP Error 403: Forbidden
9960831,Manaf Alsalem,HTTP Error 403: Forbidden
16037080,Lujain Alhumaid,HTTP Error 403: Forbidden
2716373,Lina Alabdullatif,HTTP Error 403: Forbidden
1669743,Lenah Almunajem,HTTP Error 403: Forbidden
5107941,Lameed Almarri,HTTP Error 403: Forbidden
16432158,Khalifah Alomairi,HTTP Error 403: Forbidden
16046221,Khalid Alghamdi,HTTP Error 403: Forbidden
5117054,Khalid Abdelgabar,HTTP Error 403: Forbidden
16041156,Khaled Alshareif,HTTP Error 403: Forbidden
3537140,Kawther Khayyat,HTTP Error 403: Forbidden
6013217,Jehad Abualwah,HTTP Error 403: Forbidden
16431582,Jawad Aldawood,HTTP Error 403: Forbidden
8853121,Jana Balgaith,HTTP Error 403: Forbidden
16372714,Ibrahim Kattan,HTTP Error 403: Forbidden
16399736,Ibrahim Alghamdi,HTTP Error 403: Forbidden
16439136,Ibrahim Alhodaib,HTTP Error 403: Forbidden
3900170,Ibrahim Kattan,HTTP Error 403: Forbidden
13073759,Hussien Furaij,HTTP Error 403: Forbidden
16484593,Hussain Alharbi,HTTP Error 403: Forbidden
2584284,Hussain Alhizam,HTTP Error 403: Forbidden
5420594,Hussain Almouwais,HTTP Error 403: Forbidden
9593397,Huda Omar,HTTP Error 403: Forbidden
9540863,Hissa Alsuryyia,HTTP Error 403: Forbidden
16460104,Hesham Alrasheed,HTTP Error 403: Forbidden
9593892,Hebah Omar,HTTP Error 403: Forbidden
16456486,Hazim Aljohar,HTTP Error 403: Forbidden
16456486,Hazim Aljohar,HTTP Error 403: Forbidden
5205535,Hatim Alshammari,HTTP Error 403: Forbidden
13063071,Hassan Alfadel,HTTP Error 403: Forbidden
13071577,Hassan Husain,HTTP Error 403: Forbidden
2775260,Hassan Abed,HTTP Error 403: Forbidden
9879062,Hassan Alturaiki,HTTP Error 403: Forbidden
16365931,Halah Albaqami,HTTP Error 403: Forbidden
15915999,Hajer Alenzi,HTTP Error 403: Forbidden
2428193,Haifa Alkhenizan,HTTP Error 403: Forbidden
3742366,Haider Alhassan,HTTP Error 403: Forbidden
15926886,Ghanem Alsulhi,HTTP Error 403: Forbidden
2785039,Ghala Alduhaim,HTTP Error 403: Forbidden
4245768,Fayrouz Sabhi,HTTP Error 403: Forbidden
16028813,Fayez Alsubaie,HTTP Error 403: Forbidden
16397265,Fatimah Alharbi,HTTP Error 403: Forbidden
1680929,Faisal Maghrabi,HTTP Error 403: Forbidden
3538148,Fahda Alsulaiman,HTTP Error 403: Forbidden
16448403,Fahad Belal,HTTP Error 403: Forbidden
16465542,Fahad Almutairi,HTTP Error 403: Forbidden
16544503,Fahad Almutairi,HTTP Error 403: Forbidden
5208771,Fahad Alharbi,HTTP Error 403: Forbidden
9651599,Fahad Alawiglah,HTTP Error 403: Forbidden
16486381,Faez Alanazi,HTTP Error 403: Forbidden
15923866,Emad Zaben,HTTP Error 403: Forbidden
15930196,Emad Alsibyani,HTTP Error 403: Forbidden
15916384,Dunya Saber,HTTP Error 403: Forbidden
16436331,Dhay Alamiri,HTTP Error 403: Forbidden
4161790,Danah Alqassem,HTTP Error 403: Forbidden
2494115,Belal Alawadi,HTTP Error 403: Forbidden
5106868,Basma Alrashid,HTTP Error 403: Forbidden
16396708,Basimah Alhowaish,HTTP Error 403: Forbidden
16064436,Bandar Alyabah,HTTP Error 403: Forbidden
16366742,Bandar Binmahfouz,HTTP Error 403: Forbidden
2828200,Bader Alotibi,HTTP Error 403: Forbidden
15915444,Azeen Yousif,HTTP Error 403: Forbidden
2599155,Ayman Alamri,HTTP Error 403: Forbidden
3541279,Awrad Alfalh,HTTP Error 403: Forbidden
2586087,Areen Tulbah,HTTP Error 403: Forbidden
4268257,Areel Alblehed,HTTP Error 403: Forbidden
16394665,Areej Fareh,HTTP Error 403: Forbidden
9623796,Anas Alzahrani,HTTP Error 403: Forbidden
16490231,Amal Alzahrani,HTTP Error 403: Forbidden
5153582,Amal Alharbi,HTTP Error 403: Forbidden
13156466,Almonthadhar Alzurayqi,HTTP Error 403: Forbidden
2781924,Aljawharah Almarri,HTTP Error 403: Forbidden
15914338,Ali Alkhaibari,HTTP Error 403: Forbidden
15922656,Ali Alessa,HTTP Error 403: Forbidden
16040135,Ali Alkhadrawi,HTTP Error 403: Forbidden
16400878,Ali Alburayh,HTTP Error 403: Forbidden
16461210,Ali Shubayli,HTTP Error 403: Forbidden
2525098,Ali Beedh,HTTP Error 403: Forbidden
2615908,Ali Alariani,HTTP Error 403: Forbidden
2654629,Ali Alabdlwahab,HTTP Error 403: Forbidden
2797993,Ali Al Asouml,HTTP Error 403: Forbidden
2814501,Ali Alghamdi,HTTP Error 403: Forbidden
3898485,Ali Alasouml,HTTP Error 403: Forbidden
4259494,Ali Alsouml,HTTP Error 403: Forbidden
6001085,Ali Alyousif,HTTP Error 403: Forbidden
9551880,Ali Mas,HTTP Error 403: Forbidden
9553066,Ali Abdelghani,HTTP Error 403: Forbidden
9623144,Ali Mugari,HTTP Error 403: Forbidden
9897609,Ali Almohsen,HTTP Error 403: Forbidden
8861569,Alhanouf Alhaqbani,HTTP Error 403: Forbidden
2718997,Alanoud Yamani,HTTP Error 403: Forbidden
16474621,Alaa Alqurashi,HTTP Error 403: Forbidden
13162965,Ahmed Almukhtar,HTTP Error 403: Forbidden
16063638,Ahmed Almalki,HTTP Error 403: Forbidden
16452802,Ahmed Mohammed,HTTP Error 403: Forbidden
16534186,Ahmed Abualreesh,HTTP Error 403: Forbidden
16754068,Ahmed Alsaeed,HTTP Error 403: Forbidden
9596319,Ahmed Altaruti,HTTP Error 403: Forbidden
9654717,Ahmed Almoeibed,HTTP Error 403: Forbidden
5415573,Ahmad Zaki,HTTP Error 403: Forbidden
9542504,Abubakr Dihy,HTTP Error 403: Forbidden
16439288,Abdulrahman Mubarki,HTTP Error 403: Forbidden
2583323,Abdulrahman Mohammed,HTTP Error 403: Forbidden
2613135,Abdulrahman Alkheliwi,HTTP Error 403: Forbidden
3032434,Abdulrahman Almusa,HTTP Error 403: Forbidden
4253663,Abdulrahman Mubarki,HTTP Error 403: Forbidden
4274079,Abdulrahman Aljebreen,HTTP Error 403: Forbidden
5127226,Abdulrahman Fallata,HTTP Error 403: Forbidden
5232892,Abdulmalik Ashoor,HTTP Error 403: Forbidden
9619890,Abdulmajeed Alaslani,HTTP Error 403: Forbidden
16392284,Abdullah Aljanaby,HTTP Error 403: Forbidden
16398819,Abdullah Alzayed,HTTP Error 403: Forbidden
1670977,Abdullah Saloum,HTTP Error 403: Forbidden
2493815,Abdullah Al Manhale,HTTP Error 403: Forbidden
2494520,Abdullah Alabdullatif,HTTP Error 403: Forbidden
2565910,Abdullah Mohammed,HTTP Error 403: Forbidden
2598332,Abdullah Alshammari,HTTP Error 403: Forbidden
2606661,Abdullah Darkazanli,HTTP Error 403: Forbidden
2690552,Abdullah Abdullah,HTTP Error 403: Forbidden
2724165,Abdullah Alhubaishi,HTTP Error 403: Forbidden
16023105,Abdulaziz Atafi,HTTP Error 403: Forbidden
16048219,Abdulaziz Alamoudi,HTTP Error 403: Forbidden
1670636,Abdulaziz Alrodan,HTTP Error 403: Forbidden
2782135,Abdulaziz Alalawi,HTTP Error 403: Forbidden
5102982,Abdulaziz Altuwaijri,HTTP Error 403: Forbidden
5260980,Abdulaziz Almutairi,HTTP Error 403: Forbidden
9583825,Abdulaziz Aljadani,HTTP Error 403: Forbidden
9598014,Abdulaziz Bushulaybi,HTTP Error 403: Forbidden
9616474,Abdelrahman Sadek,HTTP Error 403: Forbidden
